sep =|
LocationId|Location|Iso3|Iso2|LocationTypeId|IndicatorId|Indicator|IndicatorDisplayName|SourceId|Source|Revision|VariantId|Variant|VariantShortName|VariantLabel|TimeId|TimeLabel|TimeMid|CategoryId|Category|EstimateTypeId|EstimateType|EstimateMethodId|EstimateMethod|SexId|Sex|AgeId|AgeLabel|AgeStart|AgeEnd|AgeMid|Value
710|South Africa|ZAF|ZA|4|69|Deaths by 1-year age groups and sex|Deaths by age and sex - complete|25|World Population Prospects|0|4|Median|Median|Median|72|2021|2021.5|0|Not applicable|1|Model-based Estimates|2|Interpolation|1|Male|42|0|0|1|1|17285
710|South Africa|ZAF|ZA|4|69|Deaths by 1-year age groups and sex|Deaths by age and sex - complete|25|World Population Prospects|0|4|Median|Median|Median|72|2021|2021.5|0|Not applicable|1|Model-based Estimates|2|Interpolation|2|Female|42|0|0|1|1|14186
710|South Africa|ZAF|ZA|4|69|Deaths by 1-year age groups and sex|Deaths by age and sex - complete|25|World Population Prospects|0|4|Median|Median|Median|72|2021|2021.5|0|Not applicable|1|Model-based Estimates|2|Interpolation|3|Both sexes|42|0|0|1|1|31472
710|South Africa|ZAF|ZA|4|69|Deaths by 1-year age groups and sex|Deaths by age and sex - complete|25|World Population Prospects|0|4|Median|Median|Median|72|2021|2021.5|0|Not applicable|1|Model-based Estimates|2|Interpolation|1|Male|89|1|1|1|1|2295
710|South Africa|ZAF|ZA|4|69|Deaths by 1-year age groups and sex|Deaths by age and sex - complete|25|World Population Prospects|0|4|Median|Median|Median|72|2021|2021.5|0|Not applicable|1|Model-based Estimates|2|Interpolation|2|Female|89|1|1|1|1|2043
710|South Africa|ZAF|ZA|4|69|Deaths by 1-year age groups and sex|Deaths by age and sex - complete|25|World Population Prospects|0|4|Median|Median|Median|72|2021|2021.5|0|Not applicable|1|Model-based Estimates|2|Interpolation|3|Both sexes|89|1|1|1|1|4338
710|South Africa|ZAF|ZA|4|69|Deaths by 1-year age groups and sex|Deaths by age and sex - complete|25|World Population Prospects|0|4|Median|Median|Median|72|2021|2021.5|0|Not applicable|1|Model-based Estimates|2|Interpolation|1|Male|117|2|2|2|2|1532
710|South Africa|ZAF|ZA|4|69|Deaths by 1-year age groups and sex|Deaths by age and sex - complete|25|World Population Prospects|0|4|Median|Median|Median|72|2021|2021.5|0|Not applicable|1|Model-based Estimates|2|Interpolation|2|Female|117|2|2|2|2|1295
710|South Africa|ZAF|ZA|4|69|Deaths by 1-year age groups and sex|Deaths by age and sex - complete|25|World Population Prospects|0|4|Median|Median|Median|72|2021|2021.5|0|Not applicable|1|Model-based Estimates|2|Interpolation|3|Both sexes|117|2|2|2|2|2826
710|South Africa|ZAF|ZA|4|69|Deaths by 1-year age groups and sex|Deaths by age and sex - complete|25|World Population Prospects|0|4|Median|Median|Median|72|2021|2021.5|0|Not applicable|1|Model-based Estimates|2|Interpolation|1|Male|126|3|3|3|3|1005
710|South Africa|ZAF|ZA|4|69|Deaths by 1-year age groups and sex|Deaths by age and sex - complete|25|World Population Prospects|0|4|Median|Median|Median|72|2021|2021.5|0|Not applicable|1|Model-based Estimates|2|Interpolation|2|Female|126|3|3|3|3|809
710|South Africa|ZAF|ZA|4|69|Deaths by 1-year age groups and sex|Deaths by age and sex - complete|25|World Population Prospects|0|4|Median|Median|Median|72|2021|2021.5|0|Not applicable|1|Model-based Estimates|2|Interpolation|3|Both sexes|126|3|3|3|3|1814
710|South Africa|ZAF|ZA|4|69|Deaths by 1-year age groups and sex|Deaths by age and sex - complete|25|World Population Prospects|0|4|Median|Median|Median|72|2021|2021.5|0|Not applicable|1|Model-based Estimates|2|Interpolation|1|Male|135|4|4|4|4|677
710|South Africa|ZAF|ZA|4|69|Deaths by 1-year age groups and sex|Deaths by age and sex - complete|25|World Population Prospects|0|4|Median|Median|Median|72|2021|2021.5|0|Not applicable|1|Model-based Estimates|2|Interpolation|2|Female|135|4|4|4|4|523
710|South Africa|ZAF|ZA|4|69|Deaths by 1-year age groups and sex|Deaths by age and sex - complete|25|World Population Prospects|0|4|Median|Median|Median|72|2021|2021.5|0|Not applicable|1|Model-based Estimates|2|Interpolation|3|Both sexes|135|4|4|4|4|1200
710|South Africa|ZAF|ZA|4|69|Deaths by 1-year age groups and sex|Deaths by age and sex - complete|25|World Population Prospects|0|4|Median|Median|Median|72|2021|2021.5|0|Not applicable|1|Model-based Estimates|2|Interpolation|1|Male|90|5|5|5|5|494
710|South Africa|ZAF|ZA|4|69|Deaths by 1-year age groups and sex|Deaths by age and sex - complete|25|World Population Prospects|0|4|Median|Median|Median|72|2021|2021.5|0|Not applicable|1|Model-based Estimates|2|Interpolation|2|Female|90|5|5|5|5|370
710|South Africa|ZAF|ZA|4|69|Deaths by 1-year age groups and sex|Deaths by age and sex - complete|25|World Population Prospects|0|4|Median|Median|Median|72|2021|2021.5|0|Not applicable|1|Model-based Estimates|2|Interpolation|3|Both sexes|90|5|5|5|5|864
710|South Africa|ZAF|ZA|4|69|Deaths by 1-year age groups and sex|Deaths by age and sex - complete|25|World Population Prospects|0|4|Median|Median|Median|72|2021|2021.5|0|Not applicable|1|Model-based Estimates|2|Interpolation|1|Male|152|6|6|6|6|392
710|South Africa|ZAF|ZA|4|69|Deaths by 1-year age groups and sex|Deaths by age and sex - complete|25|World Population Prospects|0|4|Median|Median|Median|72|2021|2021.5|0|Not applicable|1|Model-based Estimates|2|Interpolation|2|Female|152|6|6|6|6|289
710|South Africa|ZAF|ZA|4|69|Deaths by 1-year age groups and sex|Deaths by age and sex - complete|25|World Population Prospects|0|4|Median|Median|Median|72|2021|2021.5|0|Not applicable|1|Model-based Estimates|2|Interpolation|3|Both sexes|152|6|6|6|6|681
710|South Africa|ZAF|ZA|4|69|Deaths by 1-year age groups and sex|Deaths by age and sex - complete|25|World Population Prospects|0|4|Median|Median|Median|72|2021|2021.5|0|Not applicable|1|Model-based Estimates|2|Interpolation|1|Male|161|7|7|7|7|328
710|South Africa|ZAF|ZA|4|69|Deaths by 1-year age groups and sex|Deaths by age and sex - complete|25|World Population Prospects|0|4|Median|Median|Median|72|2021|2021.5|0|Not applicable|1|Model-based Estimates|2|Interpolation|2|Female|161|7|7|7|7|242
710|South Africa|ZAF|ZA|4|69|Deaths by 1-year age groups and sex|Deaths by age and sex - complete|25|World Population Prospects|0|4|Median|Median|Median|72|2021|2021.5|0|Not applicable|1|Model-based Estimates|2|Interpolation|3|Both sexes|161|7|7|7|7|571
710|South Africa|ZAF|ZA|4|69|Deaths by 1-year age groups and sex|Deaths by age and sex - complete|25|World Population Prospects|0|4|Median|Median|Median|72|2021|2021.5|0|Not applicable|1|Model-based Estimates|2|Interpolation|1|Male|170|8|8|8|8|295
710|South Africa|ZAF|ZA|4|69|Deaths by 1-year age groups and sex|Deaths by age and sex - complete|25|World Population Prospects|0|4|Median|Median|Median|72|2021|2021.5|0|Not applicable|1|Model-based Estimates|2|Interpolation|2|Female|170|8|8|8|8|220
710|South Africa|ZAF|ZA|4|69|Deaths by 1-year age groups and sex|Deaths by age and sex - complete|25|World Population Prospects|0|4|Median|Median|Median|72|2021|2021.5|0|Not applicable|1|Model-based Estimates|2|Interpolation|3|Both sexes|170|8|8|8|8|515
710|South Africa|ZAF|ZA|4|69|Deaths by 1-year age groups and sex|Deaths by age and sex - complete|25|World Population Prospects|0|4|Median|Median|Median|72|2021|2021.5|0|Not applicable|1|Model-based Estimates|2|Interpolation|1|Male|179|9|9|9|9|286
710|South Africa|ZAF|ZA|4|69|Deaths by 1-year age groups and sex|Deaths by age and sex - complete|25|World Population Prospects|0|4|Median|Median|Median|72|2021|2021.5|0|Not applicable|1|Model-based Estimates|2|Interpolation|2|Female|179|9|9|9|9|218
710|South Africa|ZAF|ZA|4|69|Deaths by 1-year age groups and sex|Deaths by age and sex - complete|25|World Population Prospects|0|4|Median|Median|Median|72|2021|2021.5|0|Not applicable|1|Model-based Estimates|2|Interpolation|3|Both sexes|179|9|9|9|9|504
710|South Africa|ZAF|ZA|4|69|Deaths by 1-year age groups and sex|Deaths by age and sex - complete|25|World Population Prospects|0|4|Median|Median|Median|72|2021|2021.5|0|Not applicable|1|Model-based Estimates|2|Interpolation|1|Male|91|10|10|10|10|295
710|South Africa|ZAF|ZA|4|69|Deaths by 1-year age groups and sex|Deaths by age and sex - complete|25|World Population Prospects|0|4|Median|Median|Median|72|2021|2021.5|0|Not applicable|1|Model-based Estimates|2|Interpolation|2|Female|91|10|10|10|10|230
710|South Africa|ZAF|ZA|4|69|Deaths by 1-year age groups and sex|Deaths by age and sex - complete|25|World Population Prospects|0|4|Median|Median|Median|72|2021|2021.5|0|Not applicable|1|Model-based Estimates|2|Interpolation|3|Both sexes|91|10|10|10|10|524
710|South Africa|ZAF|ZA|4|69|Deaths by 1-year age groups and sex|Deaths by age and sex - complete|25|World Population Prospects|0|4|Median|Median|Median|72|2021|2021.5|0|Not applicable|1|Model-based Estimates|2|Interpolation|1|Male|109|11|11|11|11|324
710|South Africa|ZAF|ZA|4|69|Deaths by 1-year age groups and sex|Deaths by age and sex - complete|25|World Population Prospects|0|4|Median|Median|Median|72|2021|2021.5|0|Not applicable|1|Model-based Estimates|2|Interpolation|2|Female|109|11|11|11|11|257
710|South Africa|ZAF|ZA|4|69|Deaths by 1-year age groups and sex|Deaths by age and sex - complete|25|World Population Prospects|0|4|Median|Median|Median|72|2021|2021.5|0|Not applicable|1|Model-based Estimates|2|Interpolation|3|Both sexes|109|11|11|11|11|581
710|South Africa|ZAF|ZA|4|69|Deaths by 1-year age groups and sex|Deaths by age and sex - complete|25|World Population Prospects|0|4|Median|Median|Median|72|2021|2021.5|0|Not applicable|1|Model-based Estimates|2|Interpolation|1|Male|110|12|12|12|12|385
710|South Africa|ZAF|ZA|4|69|Deaths by 1-year age groups and sex|Deaths by age and sex - complete|25|World Population Prospects|0|4|Median|Median|Median|72|2021|2021.5|0|Not applicable|1|Model-based Estimates|2|Interpolation|2|Female|110|12|12|12|12|306
710|South Africa|ZAF|ZA|4|69|Deaths by 1-year age groups and sex|Deaths by age and sex - complete|25|World Population Prospects|0|4|Median|Median|Median|72|2021|2021.5|0|Not applicable|1|Model-based Estimates|2|Interpolation|3|Both sexes|110|12|12|12|12|691
710|South Africa|ZAF|ZA|4|69|Deaths by 1-year age groups and sex|Deaths by age and sex - complete|25|World Population Prospects|0|4|Median|Median|Median|72|2021|2021.5|0|Not applicable|1|Model-based Estimates|2|Interpolation|1|Male|111|13|13|13|13|452
710|South Africa|ZAF|ZA|4|69|Deaths by 1-year age groups and sex|Deaths by age and sex - complete|25|World Population Prospects|0|4|Median|Median|Median|72|2021|2021.5|0|Not applicable|1|Model-based Estimates|2|Interpolation|2|Female|111|13|13|13|13|355
710|South Africa|ZAF|ZA|4|69|Deaths by 1-year age groups and sex|Deaths by age and sex - complete|25|World Population Prospects|0|4|Median|Median|Median|72|2021|2021.5|0|Not applicable|1|Model-based Estimates|2|Interpolation|3|Both sexes|111|13|13|13|13|807
710|South Africa|ZAF|ZA|4|69|Deaths by 1-year age groups and sex|Deaths by age and sex - complete|25|World Population Prospects|0|4|Median|Median|Median|72|2021|2021.5|0|Not applicable|1|Model-based Estimates|2|Interpolation|1|Male|112|14|14|14|14|524
710|South Africa|ZAF|ZA|4|69|Deaths by 1-year age groups and sex|Deaths by age and sex - complete|25|World Population Prospects|0|4|Median|Median|Median|72|2021|2021.5|0|Not applicable|1|Model-based Estimates|2|Interpolation|2|Female|112|14|14|14|14|399
710|South Africa|ZAF|ZA|4|69|Deaths by 1-year age groups and sex|Deaths by age and sex - complete|25|World Population Prospects|0|4|Median|Median|Median|72|2021|2021.5|0|Not applicable|1|Model-based Estimates|2|Interpolation|3|Both sexes|112|14|14|14|14|923
710|South Africa|ZAF|ZA|4|69|Deaths by 1-year age groups and sex|Deaths by age and sex - complete|25|World Population Prospects|0|4|Median|Median|Median|72|2021|2021.5|0|Not applicable|1|Model-based Estimates|2|Interpolation|1|Male|86|15|15|15|15|623
710|South Africa|ZAF|ZA|4|69|Deaths by 1-year age groups and sex|Deaths by age and sex - complete|25|World Population Prospects|0|4|Median|Median|Median|72|2021|2021.5|0|Not applicable|1|Model-based Estimates|2|Interpolation|2|Female|86|15|15|15|15|456
710|South Africa|ZAF|ZA|4|69|Deaths by 1-year age groups and sex|Deaths by age and sex - complete|25|World Population Prospects|0|4|Median|Median|Median|72|2021|2021.5|0|Not applicable|1|Model-based Estimates|2|Interpolation|3|Both sexes|86|15|15|15|15|1079
710|South Africa|ZAF|ZA|4|69|Deaths by 1-year age groups and sex|Deaths by age and sex - complete|25|World Population Prospects|0|4|Median|Median|Median|72|2021|2021.5|0|Not applicable|1|Model-based Estimates|2|Interpolation|1|Male|113|16|16|16|16|731
710|South Africa|ZAF|ZA|4|69|Deaths by 1-year age groups and sex|Deaths by age and sex - complete|25|World Population Prospects|0|4|Median|Median|Median|72|2021|2021.5|0|Not applicable|1|Model-based Estimates|2|Interpolation|2|Female|113|16|16|16|16|509
710|South Africa|ZAF|ZA|4|69|Deaths by 1-year age groups and sex|Deaths by age and sex - complete|25|World Population Prospects|0|4|Median|Median|Median|72|2021|2021.5|0|Not applicable|1|Model-based Estimates|2|Interpolation|3|Both sexes|113|16|16|16|16|1240
710|South Africa|ZAF|ZA|4|69|Deaths by 1-year age groups and sex|Deaths by age and sex - complete|25|World Population Prospects|0|4|Median|Median|Median|72|2021|2021.5|0|Not applicable|1|Model-based Estimates|2|Interpolation|1|Male|114|17|17|17|17|839
710|South Africa|ZAF|ZA|4|69|Deaths by 1-year age groups and sex|Deaths by age and sex - complete|25|World Population Prospects|0|4|Median|Median|Median|72|2021|2021.5|0|Not applicable|1|Model-based Estimates|2|Interpolation|2|Female|114|17|17|17|17|559
710|South Africa|ZAF|ZA|4|69|Deaths by 1-year age groups and sex|Deaths by age and sex - complete|25|World Population Prospects|0|4|Median|Median|Median|72|2021|2021.5|0|Not applicable|1|Model-based Estimates|2|Interpolation|3|Both sexes|114|17|17|17|17|1398
710|South Africa|ZAF|ZA|4|69|Deaths by 1-year age groups and sex|Deaths by age and sex - complete|25|World Population Prospects|0|4|Median|Median|Median|72|2021|2021.5|0|Not applicable|1|Model-based Estimates|2|Interpolation|1|Male|115|18|18|18|18|952
710|South Africa|ZAF|ZA|4|69|Deaths by 1-year age groups and sex|Deaths by age and sex - complete|25|World Population Prospects|0|4|Median|Median|Median|72|2021|2021.5|0|Not applicable|1|Model-based Estimates|2|Interpolation|2|Female|115|18|18|18|18|608
710|South Africa|ZAF|ZA|4|69|Deaths by 1-year age groups and sex|Deaths by age and sex - complete|25|World Population Prospects|0|4|Median|Median|Median|72|2021|2021.5|0|Not applicable|1|Model-based Estimates|2|Interpolation|3|Both sexes|115|18|18|18|18|1559
710|South Africa|ZAF|ZA|4|69|Deaths by 1-year age groups and sex|Deaths by age and sex - complete|25|World Population Prospects|0|4|Median|Median|Median|72|2021|2021.5|0|Not applicable|1|Model-based Estimates|2|Interpolation|1|Male|116|19|19|19|19|1090
710|South Africa|ZAF|ZA|4|69|Deaths by 1-year age groups and sex|Deaths by age and sex - complete|25|World Population Prospects|0|4|Median|Median|Median|72|2021|2021.5|0|Not applicable|1|Model-based Estimates|2|Interpolation|2|Female|116|19|19|19|19|673
710|South Africa|ZAF|ZA|4|69|Deaths by 1-year age groups and sex|Deaths by age and sex - complete|25|World Population Prospects|0|4|Median|Median|Median|72|2021|2021.5|0|Not applicable|1|Model-based Estimates|2|Interpolation|3|Both sexes|116|19|19|19|19|1763
710|South Africa|ZAF|ZA|4|69|Deaths by 1-year age groups and sex|Deaths by age and sex - complete|25|World Population Prospects|0|4|Median|Median|Median|72|2021|2021.5|0|Not applicable|1|Model-based Estimates|2|Interpolation|1|Male|92|20|20|20|20|1250
710|South Africa|ZAF|ZA|4|69|Deaths by 1-year age groups and sex|Deaths by age and sex - complete|25|World Population Prospects|0|4|Median|Median|Median|72|2021|2021.5|0|Not applicable|1|Model-based Estimates|2|Interpolation|2|Female|92|20|20|20|20|750
710|South Africa|ZAF|ZA|4|69|Deaths by 1-year age groups and sex|Deaths by age and sex - complete|25|World Population Prospects|0|4|Median|Median|Median|72|2021|2021.5|0|Not applicable|1|Model-based Estimates|2|Interpolation|3|Both sexes|92|20|20|20|20|2000
710|South Africa|ZAF|ZA|4|69|Deaths by 1-year age groups and sex|Deaths by age and sex - complete|25|World Population Prospects|0|4|Median|Median|Median|72|2021|2021.5|0|Not applicable|1|Model-based Estimates|2|Interpolation|1|Male|118|21|21|21|21|1431
710|South Africa|ZAF|ZA|4|69|Deaths by 1-year age groups and sex|Deaths by age and sex - complete|25|World Population Prospects|0|4|Median|Median|Median|72|2021|2021.5|0|Not applicable|1|Model-based Estimates|2|Interpolation|2|Female|118|21|21|21|21|840
710|South Africa|ZAF|ZA|4|69|Deaths by 1-year age groups and sex|Deaths by age and sex - complete|25|World Population Prospects|0|4|Median|Median|Median|72|2021|2021.5|0|Not applicable|1|Model-based Estimates|2|Interpolation|3|Both sexes|118|21|21|21|21|2271
710|South Africa|ZAF|ZA|4|69|Deaths by 1-year age groups and sex|Deaths by age and sex - complete|25|World Population Prospects|0|4|Median|Median|Median|72|2021|2021.5|0|Not applicable|1|Model-based Estimates|2|Interpolation|1|Male|119|22|22|22|22|1627
710|South Africa|ZAF|ZA|4|69|Deaths by 1-year age groups and sex|Deaths by age and sex - complete|25|World Population Prospects|0|4|Median|Median|Median|72|2021|2021.5|0|Not applicable|1|Model-based Estimates|2|Interpolation|2|Female|119|22|22|22|22|936
710|South Africa|ZAF|ZA|4|69|Deaths by 1-year age groups and sex|Deaths by age and sex - complete|25|World Population Prospects|0|4|Median|Median|Median|72|2021|2021.5|0|Not applicable|1|Model-based Estimates|2|Interpolation|3|Both sexes|119|22|22|22|22|2563
710|South Africa|ZAF|ZA|4|69|Deaths by 1-year age groups and sex|Deaths by age and sex - complete|25|World Population Prospects|0|4|Median|Median|Median|72|2021|2021.5|0|Not applicable|1|Model-based Estimates|2|Interpolation|1|Male|120|23|23|23|23|1830
710|South Africa|ZAF|ZA|4|69|Deaths by 1-year age groups and sex|Deaths by age and sex - complete|25|World Population Prospects|0|4|Median|Median|Median|72|2021|2021.5|0|Not applicable|1|Model-based Estimates|2|Interpolation|2|Female|120|23|23|23|23|1032
710|South Africa|ZAF|ZA|4|69|Deaths by 1-year age groups and sex|Deaths by age and sex - complete|25|World Population Prospects|0|4|Median|Median|Median|72|2021|2021.5|0|Not applicable|1|Model-based Estimates|2|Interpolation|3|Both sexes|120|23|23|23|23|2862
710|South Africa|ZAF|ZA|4|69|Deaths by 1-year age groups and sex|Deaths by age and sex - complete|25|World Population Prospects|0|4|Median|Median|Median|72|2021|2021.5|0|Not applicable|1|Model-based Estimates|2|Interpolation|1|Male|121|24|24|24|24|2104
710|South Africa|ZAF|ZA|4|69|Deaths by 1-year age groups and sex|Deaths by age and sex - complete|25|World Population Prospects|0|4|Median|Median|Median|72|2021|2021.5|0|Not applicable|1|Model-based Estimates|2|Interpolation|2|Female|121|24|24|24|24|1165
710|South Africa|ZAF|ZA|4|69|Deaths by 1-year age groups and sex|Deaths by age and sex - complete|25|World Population Prospects|0|4|Median|Median|Median|72|2021|2021.5|0|Not applicable|1|Model-based Estimates|2|Interpolation|3|Both sexes|121|24|24|24|24|3269
710|South Africa|ZAF|ZA|4|69|Deaths by 1-year age groups and sex|Deaths by age and sex - complete|25|World Population Prospects|0|4|Median|Median|Median|72|2021|2021.5|0|Not applicable|1|Model-based Estimates|2|Interpolation|1|Male|93|25|25|25|25|2418
710|South Africa|ZAF|ZA|4|69|Deaths by 1-year age groups and sex|Deaths by age and sex - complete|25|World Population Prospects|0|4|Median|Median|Median|72|2021|2021.5|0|Not applicable|1|Model-based Estimates|2|Interpolation|2|Female|93|25|25|25|25|1321
710|South Africa|ZAF|ZA|4|69|Deaths by 1-year age groups and sex|Deaths by age and sex - complete|25|World Population Prospects|0|4|Median|Median|Median|72|2021|2021.5|0|Not applicable|1|Model-based Estimates|2|Interpolation|3|Both sexes|93|25|25|25|25|3739
710|South Africa|ZAF|ZA|4|69|Deaths by 1-year age groups and sex|Deaths by age and sex - complete|25|World Population Prospects|0|4|Median|Median|Median|72|2021|2021.5|0|Not applicable|1|Model-based Estimates|2|Interpolation|1|Male|122|26|26|26|26|2683
710|South Africa|ZAF|ZA|4|69|Deaths by 1-year age groups and sex|Deaths by age and sex - complete|25|World Population Prospects|0|4|Median|Median|Median|72|2021|2021.5|0|Not applicable|1|Model-based Estimates|2|Interpolation|2|Female|122|26|26|26|26|1458
710|South Africa|ZAF|ZA|4|69|Deaths by 1-year age groups and sex|Deaths by age and sex - complete|25|World Population Prospects|0|4|Median|Median|Median|72|2021|2021.5|0|Not applicable|1|Model-based Estimates|2|Interpolation|3|Both sexes|122|26|26|26|26|4140
710|South Africa|ZAF|ZA|4|69|Deaths by 1-year age groups and sex|Deaths by age and sex - complete|25|World Population Prospects|0|4|Median|Median|Median|72|2021|2021.5|0|Not applicable|1|Model-based Estimates|2|Interpolation|1|Male|123|27|27|27|27|2905
710|South Africa|ZAF|ZA|4|69|Deaths by 1-year age groups and sex|Deaths by age and sex - complete|25|World Population Prospects|0|4|Median|Median|Median|72|2021|2021.5|0|Not applicable|1|Model-based Estimates|2|Interpolation|2|Female|123|27|27|27|27|1592
710|South Africa|ZAF|ZA|4|69|Deaths by 1-year age groups and sex|Deaths by age and sex - complete|25|World Population Prospects|0|4|Median|Median|Median|72|2021|2021.5|0|Not applicable|1|Model-based Estimates|2|Interpolation|3|Both sexes|123|27|27|27|27|4497
710|South Africa|ZAF|ZA|4|69|Deaths by 1-year age groups and sex|Deaths by age and sex - complete|25|World Population Prospects|0|4|Median|Median|Median|72|2021|2021.5|0|Not applicable|1|Model-based Estimates|2|Interpolation|1|Male|124|28|28|28|28|3104
710|South Africa|ZAF|ZA|4|69|Deaths by 1-year age groups and sex|Deaths by age and sex - complete|25|World Population Prospects|0|4|Median|Median|Median|72|2021|2021.5|0|Not applicable|1|Model-based Estimates|2|Interpolation|2|Female|124|28|28|28|28|1740
710|South Africa|ZAF|ZA|4|69|Deaths by 1-year age groups and sex|Deaths by age and sex - complete|25|World Population Prospects|0|4|Median|Median|Median|72|2021|2021.5|0|Not applicable|1|Model-based Estimates|2|Interpolation|3|Both sexes|124|28|28|28|28|4844
710|South Africa|ZAF|ZA|4|69|Deaths by 1-year age groups and sex|Deaths by age and sex - complete|25|World Population Prospects|0|4|Median|Median|Median|72|2021|2021.5|0|Not applicable|1|Model-based Estimates|2|Interpolation|1|Male|125|29|29|29|29|3292
710|South Africa|ZAF|ZA|4|69|Deaths by 1-year age groups and sex|Deaths by age and sex - complete|25|World Population Prospects|0|4|Median|Median|Median|72|2021|2021.5|0|Not applicable|1|Model-based Estimates|2|Interpolation|2|Female|125|29|29|29|29|1907
710|South Africa|ZAF|ZA|4|69|Deaths by 1-year age groups and sex|Deaths by age and sex - complete|25|World Population Prospects|0|4|Median|Median|Median|72|2021|2021.5|0|Not applicable|1|Model-based Estimates|2|Interpolation|3|Both sexes|125|29|29|29|29|5199
710|South Africa|ZAF|ZA|4|69|Deaths by 1-year age groups and sex|Deaths by age and sex - complete|25|World Population Prospects|0|4|Median|Median|Median|72|2021|2021.5|0|Not applicable|1|Model-based Estimates|2|Interpolation|1|Male|94|30|30|30|30|3436
710|South Africa|ZAF|ZA|4|69|Deaths by 1-year age groups and sex|Deaths by age and sex - complete|25|World Population Prospects|0|4|Median|Median|Median|72|2021|2021.5|0|Not applicable|1|Model-based Estimates|2|Interpolation|2|Female|94|30|30|30|30|2069
710|South Africa|ZAF|ZA|4|69|Deaths by 1-year age groups and sex|Deaths by age and sex - complete|25|World Population Prospects|0|4|Median|Median|Median|72|2021|2021.5|0|Not applicable|1|Model-based Estimates|2|Interpolation|3|Both sexes|94|30|30|30|30|5506
710|South Africa|ZAF|ZA|4|69|Deaths by 1-year age groups and sex|Deaths by age and sex - complete|25|World Population Prospects|0|4|Median|Median|Median|72|2021|2021.5|0|Not applicable|1|Model-based Estimates|2|Interpolation|1|Male|127|31|31|31|31|3587
710|South Africa|ZAF|ZA|4|69|Deaths by 1-year age groups and sex|Deaths by age and sex - complete|25|World Population Prospects|0|4|Median|Median|Median|72|2021|2021.5|0|Not applicable|1|Model-based Estimates|2|Interpolation|2|Female|127|31|31|31|31|2243
710|South Africa|ZAF|ZA|4|69|Deaths by 1-year age groups and sex|Deaths by age and sex - complete|25|World Population Prospects|0|4|Median|Median|Median|72|2021|2021.5|0|Not applicable|1|Model-based Estimates|2|Interpolation|3|Both sexes|127|31|31|31|31|5830
710|South Africa|ZAF|ZA|4|69|Deaths by 1-year age groups and sex|Deaths by age and sex - complete|25|World Population Prospects|0|4|Median|Median|Median|72|2021|2021.5|0|Not applicable|1|Model-based Estimates|2|Interpolation|1|Male|128|32|32|32|32|3773
710|South Africa|ZAF|ZA|4|69|Deaths by 1-year age groups and sex|Deaths by age and sex - complete|25|World Population Prospects|0|4|Median|Median|Median|72|2021|2021.5|0|Not applicable|1|Model-based Estimates|2|Interpolation|2|Female|128|32|32|32|32|2434
710|South Africa|ZAF|ZA|4|69|Deaths by 1-year age groups and sex|Deaths by age and sex - complete|25|World Population Prospects|0|4|Median|Median|Median|72|2021|2021.5|0|Not applicable|1|Model-based Estimates|2|Interpolation|3|Both sexes|128|32|32|32|32|6207
710|South Africa|ZAF|ZA|4|69|Deaths by 1-year age groups and sex|Deaths by age and sex - complete|25|World Population Prospects|0|4|Median|Median|Median|72|2021|2021.5|0|Not applicable|1|Model-based Estimates|2|Interpolation|1|Male|129|33|33|33|33|3931
710|South Africa|ZAF|ZA|4|69|Deaths by 1-year age groups and sex|Deaths by age and sex - complete|25|World Population Prospects|0|4|Median|Median|Median|72|2021|2021.5|0|Not applicable|1|Model-based Estimates|2|Interpolation|2|Female|129|33|33|33|33|2586
710|South Africa|ZAF|ZA|4|69|Deaths by 1-year age groups and sex|Deaths by age and sex - complete|25|World Population Prospects|0|4|Median|Median|Median|72|2021|2021.5|0|Not applicable|1|Model-based Estimates|2|Interpolation|3|Both sexes|129|33|33|33|33|6517
710|South Africa|ZAF|ZA|4|69|Deaths by 1-year age groups and sex|Deaths by age and sex - complete|25|World Population Prospects|0|4|Median|Median|Median|72|2021|2021.5|0|Not applicable|1|Model-based Estimates|2|Interpolation|1|Male|130|34|34|34|34|4032
710|South Africa|ZAF|ZA|4|69|Deaths by 1-year age groups and sex|Deaths by age and sex - complete|25|World Population Prospects|0|4|Median|Median|Median|72|2021|2021.5|0|Not applicable|1|Model-based Estimates|2|Interpolation|2|Female|130|34|34|34|34|2681
710|South Africa|ZAF|ZA|4|69|Deaths by 1-year age groups and sex|Deaths by age and sex - complete|25|World Population Prospects|0|4|Median|Median|Median|72|2021|2021.5|0|Not applicable|1|Model-based Estimates|2|Interpolation|3|Both sexes|130|34|34|34|34|6713
710|South Africa|ZAF|ZA|4|69|Deaths by 1-year age groups and sex|Deaths by age and sex - complete|25|World Population Prospects|0|4|Median|Median|Median|72|2021|2021.5|0|Not applicable|1|Model-based Estimates|2|Interpolation|1|Male|95|35|35|35|35|4023
710|South Africa|ZAF|ZA|4|69|Deaths by 1-year age groups and sex|Deaths by age and sex - complete|25|World Population Prospects|0|4|Median|Median|Median|72|2021|2021.5|0|Not applicable|1|Model-based Estimates|2|Interpolation|2|Female|95|35|35|35|35|2706
710|South Africa|ZAF|ZA|4|69|Deaths by 1-year age groups and sex|Deaths by age and sex - complete|25|World Population Prospects|0|4|Median|Median|Median|72|2021|2021.5|0|Not applicable|1|Model-based Estimates|2|Interpolation|3|Both sexes|95|35|35|35|35|6729
710|South Africa|ZAF|ZA|4|69|Deaths by 1-year age groups and sex|Deaths by age and sex - complete|25|World Population Prospects|0|4|Median|Median|Median|72|2021|2021.5|0|Not applicable|1|Model-based Estimates|2|Interpolation|1|Male|131|36|36|36|36|3996
710|South Africa|ZAF|ZA|4|69|Deaths by 1-year age groups and sex|Deaths by age and sex - complete|25|World Population Prospects|0|4|Median|Median|Median|72|2021|2021.5|0|Not applicable|1|Model-based Estimates|2|Interpolation|2|Female|131|36|36|36|36|2717
710|South Africa|ZAF|ZA|4|69|Deaths by 1-year age groups and sex|Deaths by age and sex - complete|25|World Population Prospects|0|4|Median|Median|Median|72|2021|2021.5|0|Not applicable|1|Model-based Estimates|2|Interpolation|3|Both sexes|131|36|36|36|36|6713
710|South Africa|ZAF|ZA|4|69|Deaths by 1-year age groups and sex|Deaths by age and sex - complete|25|World Population Prospects|0|4|Median|Median|Median|72|2021|2021.5|0|Not applicable|1|Model-based Estimates|2|Interpolation|1|Male|132|37|37|37|37|3998
710|South Africa|ZAF|ZA|4|69|Deaths by 1-year age groups and sex|Deaths by age and sex - complete|25|World Population Prospects|0|4|Median|Median|Median|72|2021|2021.5|0|Not applicable|1|Model-based Estimates|2|Interpolation|2|Female|132|37|37|37|37|2747
710|South Africa|ZAF|ZA|4|69|Deaths by 1-year age groups and sex|Deaths by age and sex - complete|25|World Population Prospects|0|4|Median|Median|Median|72|2021|2021.5|0|Not applicable|1|Model-based Estimates|2|Interpolation|3|Both sexes|132|37|37|37|37|6745
710|South Africa|ZAF|ZA|4|69|Deaths by 1-year age groups and sex|Deaths by age and sex - complete|25|World Population Prospects|0|4|Median|Median|Median|72|2021|2021.5|0|Not applicable|1|Model-based Estimates|2|Interpolation|1|Male|133|38|38|38|38|3991
710|South Africa|ZAF|ZA|4|69|Deaths by 1-year age groups and sex|Deaths by age and sex - complete|25|World Population Prospects|0|4|Median|Median|Median|72|2021|2021.5|0|Not applicable|1|Model-based Estimates|2|Interpolation|2|Female|133|38|38|38|38|2794
710|South Africa|ZAF|ZA|4|69|Deaths by 1-year age groups and sex|Deaths by age and sex - complete|25|World Population Prospects|0|4|Median|Median|Median|72|2021|2021.5|0|Not applicable|1|Model-based Estimates|2|Interpolation|3|Both sexes|133|38|38|38|38|6785
710|South Africa|ZAF|ZA|4|69|Deaths by 1-year age groups and sex|Deaths by age and sex - complete|25|World Population Prospects|0|4|Median|Median|Median|72|2021|2021.5|0|Not applicable|1|Model-based Estimates|2|Interpolation|1|Male|134|39|39|39|39|3941
710|South Africa|ZAF|ZA|4|69|Deaths by 1-year age groups and sex|Deaths by age and sex - complete|25|World Population Prospects|0|4|Median|Median|Median|72|2021|2021.5|0|Not applicable|1|Model-based Estimates|2|Interpolation|2|Female|134|39|39|39|39|2832
710|South Africa|ZAF|ZA|4|69|Deaths by 1-year age groups and sex|Deaths by age and sex - complete|25|World Population Prospects|0|4|Median|Median|Median|72|2021|2021.5|0|Not applicable|1|Model-based Estimates|2|Interpolation|3|Both sexes|134|39|39|39|39|6773
710|South Africa|ZAF|ZA|4|69|Deaths by 1-year age groups and sex|Deaths by age and sex - complete|25|World Population Prospects|0|4|Median|Median|Median|72|2021|2021.5|0|Not applicable|1|Model-based Estimates|2|Interpolation|1|Male|96|40|40|40|40|3858
710|South Africa|ZAF|ZA|4|69|Deaths by 1-year age groups and sex|Deaths by age and sex - complete|25|World Population Prospects|0|4|Median|Median|Median|72|2021|2021.5|0|Not applicable|1|Model-based Estimates|2|Interpolation|2|Female|96|40|40|40|40|2847
710|South Africa|ZAF|ZA|4|69|Deaths by 1-year age groups and sex|Deaths by age and sex - complete|25|World Population Prospects|0|4|Median|Median|Median|72|2021|2021.5|0|Not applicable|1|Model-based Estimates|2|Interpolation|3|Both sexes|96|40|40|40|40|6705
710|South Africa|ZAF|ZA|4|69|Deaths by 1-year age groups and sex|Deaths by age and sex - complete|25|World Population Prospects|0|4|Median|Median|Median|72|2021|2021.5|0|Not applicable|1|Model-based Estimates|2|Interpolation|1|Male|136|41|41|41|41|3734
710|South Africa|ZAF|ZA|4|69|Deaths by 1-year age groups and sex|Deaths by age and sex - complete|25|World Population Prospects|0|4|Median|Median|Median|72|2021|2021.5|0|Not applicable|1|Model-based Estimates|2|Interpolation|2|Female|136|41|41|41|41|2820
710|South Africa|ZAF|ZA|4|69|Deaths by 1-year age groups and sex|Deaths by age and sex - complete|25|World Population Prospects|0|4|Median|Median|Median|72|2021|2021.5|0|Not applicable|1|Model-based Estimates|2|Interpolation|3|Both sexes|136|41|41|41|41|6554
710|South Africa|ZAF|ZA|4|69|Deaths by 1-year age groups and sex|Deaths by age and sex - complete|25|World Population Prospects|0|4|Median|Median|Median|72|2021|2021.5|0|Not applicable|1|Model-based Estimates|2|Interpolation|1|Male|137|42|42|42|42|3535
710|South Africa|ZAF|ZA|4|69|Deaths by 1-year age groups and sex|Deaths by age and sex - complete|25|World Population Prospects|0|4|Median|Median|Median|72|2021|2021.5|0|Not applicable|1|Model-based Estimates|2|Interpolation|2|Female|137|42|42|42|42|2720
710|South Africa|ZAF|ZA|4|69|Deaths by 1-year age groups and sex|Deaths by age and sex - complete|25|World Population Prospects|0|4|Median|Median|Median|72|2021|2021.5|0|Not applicable|1|Model-based Estimates|2|Interpolation|3|Both sexes|137|42|42|42|42|6255
710|South Africa|ZAF|ZA|4|69|Deaths by 1-year age groups and sex|Deaths by age and sex - complete|25|World Population Prospects|0|4|Median|Median|Median|72|2021|2021.5|0|Not applicable|1|Model-based Estimates|2|Interpolation|1|Male|138|43|43|43|43|3352
710|South Africa|ZAF|ZA|4|69|Deaths by 1-year age groups and sex|Deaths by age and sex - complete|25|World Population Prospects|0|4|Median|Median|Median|72|2021|2021.5|0|Not applicable|1|Model-based Estimates|2|Interpolation|2|Female|138|43|43|43|43|2601
710|South Africa|ZAF|ZA|4|69|Deaths by 1-year age groups and sex|Deaths by age and sex - complete|25|World Population Prospects|0|4|Median|Median|Median|72|2021|2021.5|0|Not applicable|1|Model-based Estimates|2|Interpolation|3|Both sexes|138|43|43|43|43|5952
710|South Africa|ZAF|ZA|4|69|Deaths by 1-year age groups and sex|Deaths by age and sex - complete|25|World Population Prospects|0|4|Median|Median|Median|72|2021|2021.5|0|Not applicable|1|Model-based Estimates|2|Interpolation|1|Male|139|44|44|44|44|3252
710|South Africa|ZAF|ZA|4|69|Deaths by 1-year age groups and sex|Deaths by age and sex - complete|25|World Population Prospects|0|4|Median|Median|Median|72|2021|2021.5|0|Not applicable|1|Model-based Estimates|2|Interpolation|2|Female|139|44|44|44|44|2525
710|South Africa|ZAF|ZA|4|69|Deaths by 1-year age groups and sex|Deaths by age and sex - complete|25|World Population Prospects|0|4|Median|Median|Median|72|2021|2021.5|0|Not applicable|1|Model-based Estimates|2|Interpolation|3|Both sexes|139|44|44|44|44|5777
710|South Africa|ZAF|ZA|4|69|Deaths by 1-year age groups and sex|Deaths by age and sex - complete|25|World Population Prospects|0|4|Median|Median|Median|72|2021|2021.5|0|Not applicable|1|Model-based Estimates|2|Interpolation|1|Male|97|45|45|45|45|3291
710|South Africa|ZAF|ZA|4|69|Deaths by 1-year age groups and sex|Deaths by age and sex - complete|25|World Population Prospects|0|4|Median|Median|Median|72|2021|2021.5|0|Not applicable|1|Model-based Estimates|2|Interpolation|2|Female|97|45|45|45|45|2540
710|South Africa|ZAF|ZA|4|69|Deaths by 1-year age groups and sex|Deaths by age and sex - complete|25|World Population Prospects|0|4|Median|Median|Median|72|2021|2021.5|0|Not applicable|1|Model-based Estimates|2|Interpolation|3|Both sexes|97|45|45|45|45|5831
710|South Africa|ZAF|ZA|4|69|Deaths by 1-year age groups and sex|Deaths by age and sex - complete|25|World Population Prospects|0|4|Median|Median|Median|72|2021|2021.5|0|Not applicable|1|Model-based Estimates|2|Interpolation|1|Male|140|46|46|46|46|3496
710|South Africa|ZAF|ZA|4|69|Deaths by 1-year age groups and sex|Deaths by age and sex - complete|25|World Population Prospects|0|4|Median|Median|Median|72|2021|2021.5|0|Not applicable|1|Model-based Estimates|2|Interpolation|2|Female|140|46|46|46|46|2673
710|South Africa|ZAF|ZA|4|69|Deaths by 1-year age groups and sex|Deaths by age and sex - complete|25|World Population Prospects|0|4|Median|Median|Median|72|2021|2021.5|0|Not applicable|1|Model-based Estimates|2|Interpolation|3|Both sexes|140|46|46|46|46|6169
710|South Africa|ZAF|ZA|4|69|Deaths by 1-year age groups and sex|Deaths by age and sex - complete|25|World Population Prospects|0|4|Median|Median|Median|72|2021|2021.5|0|Not applicable|1|Model-based Estimates|2|Interpolation|1|Male|141|47|47|47|47|3848
710|South Africa|ZAF|ZA|4|69|Deaths by 1-year age groups and sex|Deaths by age and sex - complete|25|World Population Prospects|0|4|Median|Median|Median|72|2021|2021.5|0|Not applicable|1|Model-based Estimates|2|Interpolation|2|Female|141|47|47|47|47|2929
710|South Africa|ZAF|ZA|4|69|Deaths by 1-year age groups and sex|Deaths by age and sex - complete|25|World Population Prospects|0|4|Median|Median|Median|72|2021|2021.5|0|Not applicable|1|Model-based Estimates|2|Interpolation|3|Both sexes|141|47|47|47|47|6777
710|South Africa|ZAF|ZA|4|69|Deaths by 1-year age groups and sex|Deaths by age and sex - complete|25|World Population Prospects|0|4|Median|Median|Median|72|2021|2021.5|0|Not applicable|1|Model-based Estimates|2|Interpolation|1|Male|142|48|48|48|48|4302
710|South Africa|ZAF|ZA|4|69|Deaths by 1-year age groups and sex|Deaths by age and sex - complete|25|World Population Prospects|0|4|Median|Median|Median|72|2021|2021.5|0|Not applicable|1|Model-based Estimates|2|Interpolation|2|Female|142|48|48|48|48|3280
710|South Africa|ZAF|ZA|4|69|Deaths by 1-year age groups and sex|Deaths by age and sex - complete|25|World Population Prospects|0|4|Median|Median|Median|72|2021|2021.5|0|Not applicable|1|Model-based Estimates|2|Interpolation|3|Both sexes|142|48|48|48|48|7582
710|South Africa|ZAF|ZA|4|69|Deaths by 1-year age groups and sex|Deaths by age and sex - complete|25|World Population Prospects|0|4|Median|Median|Median|72|2021|2021.5|0|Not applicable|1|Model-based Estimates|2|Interpolation|1|Male|143|49|49|49|49|4782
710|South Africa|ZAF|ZA|4|69|Deaths by 1-year age groups and sex|Deaths by age and sex - complete|25|World Population Prospects|0|4|Median|Median|Median|72|2021|2021.5|0|Not applicable|1|Model-based Estimates|2|Interpolation|2|Female|143|49|49|49|49|3679
710|South Africa|ZAF|ZA|4|69|Deaths by 1-year age groups and sex|Deaths by age and sex - complete|25|World Population Prospects|0|4|Median|Median|Median|72|2021|2021.5|0|Not applicable|1|Model-based Estimates|2|Interpolation|3|Both sexes|143|49|49|49|49|8461
710|South Africa|ZAF|ZA|4|69|Deaths by 1-year age groups and sex|Deaths by age and sex - complete|25|World Population Prospects|0|4|Median|Median|Median|72|2021|2021.5|0|Not applicable|1|Model-based Estimates|2|Interpolation|1|Male|98|50|50|50|50|5216
710|South Africa|ZAF|ZA|4|69|Deaths by 1-year age groups and sex|Deaths by age and sex - complete|25|World Population Prospects|0|4|Median|Median|Median|72|2021|2021.5|0|Not applicable|1|Model-based Estimates|2|Interpolation|2|Female|98|50|50|50|50|4080
710|South Africa|ZAF|ZA|4|69|Deaths by 1-year age groups and sex|Deaths by age and sex - complete|25|World Population Prospects|0|4|Median|Median|Median|72|2021|2021.5|0|Not applicable|1|Model-based Estimates|2|Interpolation|3|Both sexes|98|50|50|50|50|9296
710|South Africa|ZAF|ZA|4|69|Deaths by 1-year age groups and sex|Deaths by age and sex - complete|25|World Population Prospects|0|4|Median|Median|Median|72|2021|2021.5|0|Not applicable|1|Model-based Estimates|2|Interpolation|1|Male|144|51|51|51|51|5597
710|South Africa|ZAF|ZA|4|69|Deaths by 1-year age groups and sex|Deaths by age and sex - complete|25|World Population Prospects|0|4|Median|Median|Median|72|2021|2021.5|0|Not applicable|1|Model-based Estimates|2|Interpolation|2|Female|144|51|51|51|51|4467
710|South Africa|ZAF|ZA|4|69|Deaths by 1-year age groups and sex|Deaths by age and sex - complete|25|World Population Prospects|0|4|Median|Median|Median|72|2021|2021.5|0|Not applicable|1|Model-based Estimates|2|Interpolation|3|Both sexes|144|51|51|51|51|10064
710|South Africa|ZAF|ZA|4|69|Deaths by 1-year age groups and sex|Deaths by age and sex - complete|25|World Population Prospects|0|4|Median|Median|Median|72|2021|2021.5|0|Not applicable|1|Model-based Estimates|2|Interpolation|1|Male|145|52|52|52|52|5938
710|South Africa|ZAF|ZA|4|69|Deaths by 1-year age groups and sex|Deaths by age and sex - complete|25|World Population Prospects|0|4|Median|Median|Median|72|2021|2021.5|0|Not applicable|1|Model-based Estimates|2|Interpolation|2|Female|145|52|52|52|52|4837
710|South Africa|ZAF|ZA|4|69|Deaths by 1-year age groups and sex|Deaths by age and sex - complete|25|World Population Prospects|0|4|Median|Median|Median|72|2021|2021.5|0|Not applicable|1|Model-based Estimates|2|Interpolation|3|Both sexes|145|52|52|52|52|10775
710|South Africa|ZAF|ZA|4|69|Deaths by 1-year age groups and sex|Deaths by age and sex - complete|25|World Population Prospects|0|4|Median|Median|Median|72|2021|2021.5|0|Not applicable|1|Model-based Estimates|2|Interpolation|1|Male|146|53|53|53|53|6223
710|South Africa|ZAF|ZA|4|69|Deaths by 1-year age groups and sex|Deaths by age and sex - complete|25|World Population Prospects|0|4|Median|Median|Median|72|2021|2021.5|0|Not applicable|1|Model-based Estimates|2|Interpolation|2|Female|146|53|53|53|53|5172
710|South Africa|ZAF|ZA|4|69|Deaths by 1-year age groups and sex|Deaths by age and sex - complete|25|World Population Prospects|0|4|Median|Median|Median|72|2021|2021.5|0|Not applicable|1|Model-based Estimates|2|Interpolation|3|Both sexes|146|53|53|53|53|11394
710|South Africa|ZAF|ZA|4|69|Deaths by 1-year age groups and sex|Deaths by age and sex - complete|25|World Population Prospects|0|4|Median|Median|Median|72|2021|2021.5|0|Not applicable|1|Model-based Estimates|2|Interpolation|1|Male|147|54|54|54|54|6438
710|South Africa|ZAF|ZA|4|69|Deaths by 1-year age groups and sex|Deaths by age and sex - complete|25|World Population Prospects|0|4|Median|Median|Median|72|2021|2021.5|0|Not applicable|1|Model-based Estimates|2|Interpolation|2|Female|147|54|54|54|54|5456
710|South Africa|ZAF|ZA|4|69|Deaths by 1-year age groups and sex|Deaths by age and sex - complete|25|World Population Prospects|0|4|Median|Median|Median|72|2021|2021.5|0|Not applicable|1|Model-based Estimates|2|Interpolation|3|Both sexes|147|54|54|54|54|11894
710|South Africa|ZAF|ZA|4|69|Deaths by 1-year age groups and sex|Deaths by age and sex - complete|25|World Population Prospects|0|4|Median|Median|Median|72|2021|2021.5|0|Not applicable|1|Model-based Estimates|2|Interpolation|1|Male|99|55|55|55|55|6568
710|South Africa|ZAF|ZA|4|69|Deaths by 1-year age groups and sex|Deaths by age and sex - complete|25|World Population Prospects|0|4|Median|Median|Median|72|2021|2021.5|0|Not applicable|1|Model-based Estimates|2|Interpolation|2|Female|99|55|55|55|55|5668
710|South Africa|ZAF|ZA|4|69|Deaths by 1-year age groups and sex|Deaths by age and sex - complete|25|World Population Prospects|0|4|Median|Median|Median|72|2021|2021.5|0|Not applicable|1|Model-based Estimates|2|Interpolation|3|Both sexes|99|55|55|55|55|12236
710|South Africa|ZAF|ZA|4|69|Deaths by 1-year age groups and sex|Deaths by age and sex - complete|25|World Population Prospects|0|4|Median|Median|Median|72|2021|2021.5|0|Not applicable|1|Model-based Estimates|2|Interpolation|1|Male|148|56|56|56|56|6614
710|South Africa|ZAF|ZA|4|69|Deaths by 1-year age groups and sex|Deaths by age and sex - complete|25|World Population Prospects|0|4|Median|Median|Median|72|2021|2021.5|0|Not applicable|1|Model-based Estimates|2|Interpolation|2|Female|148|56|56|56|56|5808
710|South Africa|ZAF|ZA|4|69|Deaths by 1-year age groups and sex|Deaths by age and sex - complete|25|World Population Prospects|0|4|Median|Median|Median|72|2021|2021.5|0|Not applicable|1|Model-based Estimates|2|Interpolation|3|Both sexes|148|56|56|56|56|12422
710|South Africa|ZAF|ZA|4|69|Deaths by 1-year age groups and sex|Deaths by age and sex - complete|25|World Population Prospects|0|4|Median|Median|Median|72|2021|2021.5|0|Not applicable|1|Model-based Estimates|2|Interpolation|1|Male|149|57|57|57|57|6553
710|South Africa|ZAF|ZA|4|69|Deaths by 1-year age groups and sex|Deaths by age and sex - complete|25|World Population Prospects|0|4|Median|Median|Median|72|2021|2021.5|0|Not applicable|1|Model-based Estimates|2|Interpolation|2|Female|149|57|57|57|57|5870
710|South Africa|ZAF|ZA|4|69|Deaths by 1-year age groups and sex|Deaths by age and sex - complete|25|World Population Prospects|0|4|Median|Median|Median|72|2021|2021.5|0|Not applicable|1|Model-based Estimates|2|Interpolation|3|Both sexes|149|57|57|57|57|12423
710|South Africa|ZAF|ZA|4|69|Deaths by 1-year age groups and sex|Deaths by age and sex - complete|25|World Population Prospects|0|4|Median|Median|Median|72|2021|2021.5|0|Not applicable|1|Model-based Estimates|2|Interpolation|1|Male|150|58|58|58|58|6380
710|South Africa|ZAF|ZA|4|69|Deaths by 1-year age groups and sex|Deaths by age and sex - complete|25|World Population Prospects|0|4|Median|Median|Median|72|2021|2021.5|0|Not applicable|1|Model-based Estimates|2|Interpolation|2|Female|150|58|58|58|58|5856
710|South Africa|ZAF|ZA|4|69|Deaths by 1-year age groups and sex|Deaths by age and sex - complete|25|World Population Prospects|0|4|Median|Median|Median|72|2021|2021.5|0|Not applicable|1|Model-based Estimates|2|Interpolation|3|Both sexes|150|58|58|58|58|12236
710|South Africa|ZAF|ZA|4|69|Deaths by 1-year age groups and sex|Deaths by age and sex - complete|25|World Population Prospects|0|4|Median|Median|Median|72|2021|2021.5|0|Not applicable|1|Model-based Estimates|2|Interpolation|1|Male|151|59|59|59|59|6110
710|South Africa|ZAF|ZA|4|69|Deaths by 1-year age groups and sex|Deaths by age and sex - complete|25|World Population Prospects|0|4|Median|Median|Median|72|2021|2021.5|0|Not applicable|1|Model-based Estimates|2|Interpolation|2|Female|151|59|59|59|59|5786
710|South Africa|ZAF|ZA|4|69|Deaths by 1-year age groups and sex|Deaths by age and sex - complete|25|World Population Prospects|0|4|Median|Median|Median|72|2021|2021.5|0|Not applicable|1|Model-based Estimates|2|Interpolation|3|Both sexes|151|59|59|59|59|11896
710|South Africa|ZAF|ZA|4|69|Deaths by 1-year age groups and sex|Deaths by age and sex - complete|25|World Population Prospects|0|4|Median|Median|Median|72|2021|2021.5|0|Not applicable|1|Model-based Estimates|2|Interpolation|1|Male|87|60|60|60|60|5753
710|South Africa|ZAF|ZA|4|69|Deaths by 1-year age groups and sex|Deaths by age and sex - complete|25|World Population Prospects|0|4|Median|Median|Median|72|2021|2021.5|0|Not applicable|1|Model-based Estimates|2|Interpolation|2|Female|87|60|60|60|60|5666
710|South Africa|ZAF|ZA|4|69|Deaths by 1-year age groups and sex|Deaths by age and sex - complete|25|World Population Prospects|0|4|Median|Median|Median|72|2021|2021.5|0|Not applicable|1|Model-based Estimates|2|Interpolation|3|Both sexes|87|60|60|60|60|11419
710|South Africa|ZAF|ZA|4|69|Deaths by 1-year age groups and sex|Deaths by age and sex - complete|25|World Population Prospects|0|4|Median|Median|Median|72|2021|2021.5|0|Not applicable|1|Model-based Estimates|2|Interpolation|1|Male|153|61|61|61|61|5397
710|South Africa|ZAF|ZA|4|69|Deaths by 1-year age groups and sex|Deaths by age and sex - complete|25|World Population Prospects|0|4|Median|Median|Median|72|2021|2021.5|0|Not applicable|1|Model-based Estimates|2|Interpolation|2|Female|153|61|61|61|61|5554
710|South Africa|ZAF|ZA|4|69|Deaths by 1-year age groups and sex|Deaths by age and sex - complete|25|World Population Prospects|0|4|Median|Median|Median|72|2021|2021.5|0|Not applicable|1|Model-based Estimates|2|Interpolation|3|Both sexes|153|61|61|61|61|10951
710|South Africa|ZAF|ZA|4|69|Deaths by 1-year age groups and sex|Deaths by age and sex - complete|25|World Population Prospects|0|4|Median|Median|Median|72|2021|2021.5|0|Not applicable|1|Model-based Estimates|2|Interpolation|1|Male|154|62|62|62|62|5183
710|South Africa|ZAF|ZA|4|69|Deaths by 1-year age groups and sex|Deaths by age and sex - complete|25|World Population Prospects|0|4|Median|Median|Median|72|2021|2021.5|0|Not applicable|1|Model-based Estimates|2|Interpolation|2|Female|154|62|62|62|62|5550
710|South Africa|ZAF|ZA|4|69|Deaths by 1-year age groups and sex|Deaths by age and sex - complete|25|World Population Prospects|0|4|Median|Median|Median|72|2021|2021.5|0|Not applicable|1|Model-based Estimates|2|Interpolation|3|Both sexes|154|62|62|62|62|10732
710|South Africa|ZAF|ZA|4|69|Deaths by 1-year age groups and sex|Deaths by age and sex - complete|25|World Population Prospects|0|4|Median|Median|Median|72|2021|2021.5|0|Not applicable|1|Model-based Estimates|2|Interpolation|1|Male|155|63|63|63|63|5100
710|South Africa|ZAF|ZA|4|69|Deaths by 1-year age groups and sex|Deaths by age and sex - complete|25|World Population Prospects|0|4|Median|Median|Median|72|2021|2021.5|0|Not applicable|1|Model-based Estimates|2|Interpolation|2|Female|155|63|63|63|63|5641
710|South Africa|ZAF|ZA|4|69|Deaths by 1-year age groups and sex|Deaths by age and sex - complete|25|World Population Prospects|0|4|Median|Median|Median|72|2021|2021.5|0|Not applicable|1|Model-based Estimates|2|Interpolation|3|Both sexes|155|63|63|63|63|10741
710|South Africa|ZAF|ZA|4|69|Deaths by 1-year age groups and sex|Deaths by age and sex - complete|25|World Population Prospects|0|4|Median|Median|Median|72|2021|2021.5|0|Not applicable|1|Model-based Estimates|2|Interpolation|1|Male|156|64|64|64|64|5109
710|South Africa|ZAF|ZA|4|69|Deaths by 1-year age groups and sex|Deaths by age and sex - complete|25|World Population Prospects|0|4|Median|Median|Median|72|2021|2021.5|0|Not applicable|1|Model-based Estimates|2|Interpolation|2|Female|156|64|64|64|64|5794
710|South Africa|ZAF|ZA|4|69|Deaths by 1-year age groups and sex|Deaths by age and sex - complete|25|World Population Prospects|0|4|Median|Median|Median|72|2021|2021.5|0|Not applicable|1|Model-based Estimates|2|Interpolation|3|Both sexes|156|64|64|64|64|10903
710|South Africa|ZAF|ZA|4|69|Deaths by 1-year age groups and sex|Deaths by age and sex - complete|25|World Population Prospects|0|4|Median|Median|Median|72|2021|2021.5|0|Not applicable|1|Model-based Estimates|2|Interpolation|1|Male|100|65|65|65|65|5245
710|South Africa|ZAF|ZA|4|69|Deaths by 1-year age groups and sex|Deaths by age and sex - complete|25|World Population Prospects|0|4|Median|Median|Median|72|2021|2021.5|0|Not applicable|1|Model-based Estimates|2|Interpolation|2|Female|100|65|65|65|65|6045
710|South Africa|ZAF|ZA|4|69|Deaths by 1-year age groups and sex|Deaths by age and sex - complete|25|World Population Prospects|0|4|Median|Median|Median|72|2021|2021.5|0|Not applicable|1|Model-based Estimates|2|Interpolation|3|Both sexes|100|65|65|65|65|11290
710|South Africa|ZAF|ZA|4|69|Deaths by 1-year age groups and sex|Deaths by age and sex - complete|25|World Population Prospects|0|4|Median|Median|Median|72|2021|2021.5|0|Not applicable|1|Model-based Estimates|2|Interpolation|1|Male|157|66|66|66|66|5490
710|South Africa|ZAF|ZA|4|69|Deaths by 1-year age groups and sex|Deaths by age and sex - complete|25|World Population Prospects|0|4|Median|Median|Median|72|2021|2021.5|0|Not applicable|1|Model-based Estimates|2|Interpolation|2|Female|157|66|66|66|66|6395
710|South Africa|ZAF|ZA|4|69|Deaths by 1-year age groups and sex|Deaths by age and sex - complete|25|World Population Prospects|0|4|Median|Median|Median|72|2021|2021.5|0|Not applicable|1|Model-based Estimates|2|Interpolation|3|Both sexes|157|66|66|66|66|11886
710|South Africa|ZAF|ZA|4|69|Deaths by 1-year age groups and sex|Deaths by age and sex - complete|25|World Population Prospects|0|4|Median|Median|Median|72|2021|2021.5|0|Not applicable|1|Model-based Estimates|2|Interpolation|1|Male|158|67|67|67|67|5771
710|South Africa|ZAF|ZA|4|69|Deaths by 1-year age groups and sex|Deaths by age and sex - complete|25|World Population Prospects|0|4|Median|Median|Median|72|2021|2021.5|0|Not applicable|1|Model-based Estimates|2|Interpolation|2|Female|158|67|67|67|67|6800
710|South Africa|ZAF|ZA|4|69|Deaths by 1-year age groups and sex|Deaths by age and sex - complete|25|World Population Prospects|0|4|Median|Median|Median|72|2021|2021.5|0|Not applicable|1|Model-based Estimates|2|Interpolation|3|Both sexes|158|67|67|67|67|12571
710|South Africa|ZAF|ZA|4|69|Deaths by 1-year age groups and sex|Deaths by age and sex - complete|25|World Population Prospects|0|4|Median|Median|Median|72|2021|2021.5|0|Not applicable|1|Model-based Estimates|2|Interpolation|1|Male|159|68|68|68|68|5959
710|South Africa|ZAF|ZA|4|69|Deaths by 1-year age groups and sex|Deaths by age and sex - complete|25|World Population Prospects|0|4|Median|Median|Median|72|2021|2021.5|0|Not applicable|1|Model-based Estimates|2|Interpolation|2|Female|159|68|68|68|68|7136
710|South Africa|ZAF|ZA|4|69|Deaths by 1-year age groups and sex|Deaths by age and sex - complete|25|World Population Prospects|0|4|Median|Median|Median|72|2021|2021.5|0|Not applicable|1|Model-based Estimates|2|Interpolation|3|Both sexes|159|68|68|68|68|13095
710|South Africa|ZAF|ZA|4|69|Deaths by 1-year age groups and sex|Deaths by age and sex - complete|25|World Population Prospects|0|4|Median|Median|Median|72|2021|2021.5|0|Not applicable|1|Model-based Estimates|2|Interpolation|1|Male|160|69|69|69|69|6005
710|South Africa|ZAF|ZA|4|69|Deaths by 1-year age groups and sex|Deaths by age and sex - complete|25|World Population Prospects|0|4|Median|Median|Median|72|2021|2021.5|0|Not applicable|1|Model-based Estimates|2|Interpolation|2|Female|160|69|69|69|69|7336
710|South Africa|ZAF|ZA|4|69|Deaths by 1-year age groups and sex|Deaths by age and sex - complete|25|World Population Prospects|0|4|Median|Median|Median|72|2021|2021.5|0|Not applicable|1|Model-based Estimates|2|Interpolation|3|Both sexes|160|69|69|69|69|13342
710|South Africa|ZAF|ZA|4|69|Deaths by 1-year age groups and sex|Deaths by age and sex - complete|25|World Population Prospects|0|4|Median|Median|Median|72|2021|2021.5|0|Not applicable|1|Model-based Estimates|2|Interpolation|1|Male|101|70|70|70|70|5957
710|South Africa|ZAF|ZA|4|69|Deaths by 1-year age groups and sex|Deaths by age and sex - complete|25|World Population Prospects|0|4|Median|Median|Median|72|2021|2021.5|0|Not applicable|1|Model-based Estimates|2|Interpolation|2|Female|101|70|70|70|70|7431
710|South Africa|ZAF|ZA|4|69|Deaths by 1-year age groups and sex|Deaths by age and sex - complete|25|World Population Prospects|0|4|Median|Median|Median|72|2021|2021.5|0|Not applicable|1|Model-based Estimates|2|Interpolation|3|Both sexes|101|70|70|70|70|13389
710|South Africa|ZAF|ZA|4|69|Deaths by 1-year age groups and sex|Deaths by age and sex - complete|25|World Population Prospects|0|4|Median|Median|Median|72|2021|2021.5|0|Not applicable|1|Model-based Estimates|2|Interpolation|1|Male|162|71|71|71|71|5867
710|South Africa|ZAF|ZA|4|69|Deaths by 1-year age groups and sex|Deaths by age and sex - complete|25|World Population Prospects|0|4|Median|Median|Median|72|2021|2021.5|0|Not applicable|1|Model-based Estimates|2|Interpolation|2|Female|162|71|71|71|71|7464
710|South Africa|ZAF|ZA|4|69|Deaths by 1-year age groups and sex|Deaths by age and sex - complete|25|World Population Prospects|0|4|Median|Median|Median|72|2021|2021.5|0|Not applicable|1|Model-based Estimates|2|Interpolation|3|Both sexes|162|71|71|71|71|13330
710|South Africa|ZAF|ZA|4|69|Deaths by 1-year age groups and sex|Deaths by age and sex - complete|25|World Population Prospects|0|4|Median|Median|Median|72|2021|2021.5|0|Not applicable|1|Model-based Estimates|2|Interpolation|1|Male|163|72|72|72|72|5919
710|South Africa|ZAF|ZA|4|69|Deaths by 1-year age groups and sex|Deaths by age and sex - complete|25|World Population Prospects|0|4|Median|Median|Median|72|2021|2021.5|0|Not applicable|1|Model-based Estimates|2|Interpolation|2|Female|163|72|72|72|72|7621
710|South Africa|ZAF|ZA|4|69|Deaths by 1-year age groups and sex|Deaths by age and sex - complete|25|World Population Prospects|0|4|Median|Median|Median|72|2021|2021.5|0|Not applicable|1|Model-based Estimates|2|Interpolation|3|Both sexes|163|72|72|72|72|13540
710|South Africa|ZAF|ZA|4|69|Deaths by 1-year age groups and sex|Deaths by age and sex - complete|25|World Population Prospects|0|4|Median|Median|Median|72|2021|2021.5|0|Not applicable|1|Model-based Estimates|2|Interpolation|1|Male|164|73|73|73|73|5873
710|South Africa|ZAF|ZA|4|69|Deaths by 1-year age groups and sex|Deaths by age and sex - complete|25|World Population Prospects|0|4|Median|Median|Median|72|2021|2021.5|0|Not applicable|1|Model-based Estimates|2|Interpolation|2|Female|164|73|73|73|73|7688
710|South Africa|ZAF|ZA|4|69|Deaths by 1-year age groups and sex|Deaths by age and sex - complete|25|World Population Prospects|0|4|Median|Median|Median|72|2021|2021.5|0|Not applicable|1|Model-based Estimates|2|Interpolation|3|Both sexes|164|73|73|73|73|13561
710|South Africa|ZAF|ZA|4|69|Deaths by 1-year age groups and sex|Deaths by age and sex - complete|25|World Population Prospects|0|4|Median|Median|Median|72|2021|2021.5|0|Not applicable|1|Model-based Estimates|2|Interpolation|1|Male|165|74|74|74|74|5617
710|South Africa|ZAF|ZA|4|69|Deaths by 1-year age groups and sex|Deaths by age and sex - complete|25|World Population Prospects|0|4|Median|Median|Median|72|2021|2021.5|0|Not applicable|1|Model-based Estimates|2|Interpolation|2|Female|165|74|74|74|74|7524
710|South Africa|ZAF|ZA|4|69|Deaths by 1-year age groups and sex|Deaths by age and sex - complete|25|World Population Prospects|0|4|Median|Median|Median|72|2021|2021.5|0|Not applicable|1|Model-based Estimates|2|Interpolation|3|Both sexes|165|74|74|74|74|13140
710|South Africa|ZAF|ZA|4|69|Deaths by 1-year age groups and sex|Deaths by age and sex - complete|25|World Population Prospects|0|4|Median|Median|Median|72|2021|2021.5|0|Not applicable|1|Model-based Estimates|2|Interpolation|1|Male|102|75|75|75|75|5398
710|South Africa|ZAF|ZA|4|69|Deaths by 1-year age groups and sex|Deaths by age and sex - complete|25|World Population Prospects|0|4|Median|Median|Median|72|2021|2021.5|0|Not applicable|1|Model-based Estimates|2|Interpolation|2|Female|102|75|75|75|75|7343
710|South Africa|ZAF|ZA|4|69|Deaths by 1-year age groups and sex|Deaths by age and sex - complete|25|World Population Prospects|0|4|Median|Median|Median|72|2021|2021.5|0|Not applicable|1|Model-based Estimates|2|Interpolation|3|Both sexes|102|75|75|75|75|12741
710|South Africa|ZAF|ZA|4|69|Deaths by 1-year age groups and sex|Deaths by age and sex - complete|25|World Population Prospects|0|4|Median|Median|Median|72|2021|2021.5|0|Not applicable|1|Model-based Estimates|2|Interpolation|1|Male|166|76|76|76|76|5128
710|South Africa|ZAF|ZA|4|69|Deaths by 1-year age groups and sex|Deaths by age and sex - complete|25|World Population Prospects|0|4|Median|Median|Median|72|2021|2021.5|0|Not applicable|1|Model-based Estimates|2|Interpolation|2|Female|166|76|76|76|76|7113
710|South Africa|ZAF|ZA|4|69|Deaths by 1-year age groups and sex|Deaths by age and sex - complete|25|World Population Prospects|0|4|Median|Median|Median|72|2021|2021.5|0|Not applicable|1|Model-based Estimates|2|Interpolation|3|Both sexes|166|76|76|76|76|12242
710|South Africa|ZAF|ZA|4|69|Deaths by 1-year age groups and sex|Deaths by age and sex - complete|25|World Population Prospects|0|4|Median|Median|Median|72|2021|2021.5|0|Not applicable|1|Model-based Estimates|2|Interpolation|1|Male|167|77|77|77|77|4804
710|South Africa|ZAF|ZA|4|69|Deaths by 1-year age groups and sex|Deaths by age and sex - complete|25|World Population Prospects|0|4|Median|Median|Median|72|2021|2021.5|0|Not applicable|1|Model-based Estimates|2|Interpolation|2|Female|167|77|77|77|77|6851
710|South Africa|ZAF|ZA|4|69|Deaths by 1-year age groups and sex|Deaths by age and sex - complete|25|World Population Prospects|0|4|Median|Median|Median|72|2021|2021.5|0|Not applicable|1|Model-based Estimates|2|Interpolation|3|Both sexes|167|77|77|77|77|11655
710|South Africa|ZAF|ZA|4|69|Deaths by 1-year age groups and sex|Deaths by age and sex - complete|25|World Population Prospects|0|4|Median|Median|Median|72|2021|2021.5|0|Not applicable|1|Model-based Estimates|2|Interpolation|1|Male|168|78|78|78|78|4484
710|South Africa|ZAF|ZA|4|69|Deaths by 1-year age groups and sex|Deaths by age and sex - complete|25|World Population Prospects|0|4|Median|Median|Median|72|2021|2021.5|0|Not applicable|1|Model-based Estimates|2|Interpolation|2|Female|168|78|78|78|78|6573
710|South Africa|ZAF|ZA|4|69|Deaths by 1-year age groups and sex|Deaths by age and sex - complete|25|World Population Prospects|0|4|Median|Median|Median|72|2021|2021.5|0|Not applicable|1|Model-based Estimates|2|Interpolation|3|Both sexes|168|78|78|78|78|11058
710|South Africa|ZAF|ZA|4|69|Deaths by 1-year age groups and sex|Deaths by age and sex - complete|25|World Population Prospects|0|4|Median|Median|Median|72|2021|2021.5|0|Not applicable|1|Model-based Estimates|2|Interpolation|1|Male|169|79|79|79|79|4158
710|South Africa|ZAF|ZA|4|69|Deaths by 1-year age groups and sex|Deaths by age and sex - complete|25|World Population Prospects|0|4|Median|Median|Median|72|2021|2021.5|0|Not applicable|1|Model-based Estimates|2|Interpolation|2|Female|169|79|79|79|79|6272
710|South Africa|ZAF|ZA|4|69|Deaths by 1-year age groups and sex|Deaths by age and sex - complete|25|World Population Prospects|0|4|Median|Median|Median|72|2021|2021.5|0|Not applicable|1|Model-based Estimates|2|Interpolation|3|Both sexes|169|79|79|79|79|10431
710|South Africa|ZAF|ZA|4|69|Deaths by 1-year age groups and sex|Deaths by age and sex - complete|25|World Population Prospects|0|4|Median|Median|Median|72|2021|2021.5|0|Not applicable|1|Model-based Estimates|2|Interpolation|1|Male|88|80|80|80|80|3832
710|South Africa|ZAF|ZA|4|69|Deaths by 1-year age groups and sex|Deaths by age and sex - complete|25|World Population Prospects|0|4|Median|Median|Median|72|2021|2021.5|0|Not applicable|1|Model-based Estimates|2|Interpolation|2|Female|88|80|80|80|80|5951
710|South Africa|ZAF|ZA|4|69|Deaths by 1-year age groups and sex|Deaths by age and sex - complete|25|World Population Prospects|0|4|Median|Median|Median|72|2021|2021.5|0|Not applicable|1|Model-based Estimates|2|Interpolation|3|Both sexes|88|80|80|80|80|9783
710|South Africa|ZAF|ZA|4|69|Deaths by 1-year age groups and sex|Deaths by age and sex - complete|25|World Population Prospects|0|4|Median|Median|Median|72|2021|2021.5|0|Not applicable|1|Model-based Estimates|2|Interpolation|1|Male|171|81|81|81|81|3519
710|South Africa|ZAF|ZA|4|69|Deaths by 1-year age groups and sex|Deaths by age and sex - complete|25|World Population Prospects|0|4|Median|Median|Median|72|2021|2021.5|0|Not applicable|1|Model-based Estimates|2|Interpolation|2|Female|171|81|81|81|81|5622
710|South Africa|ZAF|ZA|4|69|Deaths by 1-year age groups and sex|Deaths by age and sex - complete|25|World Population Prospects|0|4|Median|Median|Median|72|2021|2021.5|0|Not applicable|1|Model-based Estimates|2|Interpolation|3|Both sexes|171|81|81|81|81|9141
710|South Africa|ZAF|ZA|4|69|Deaths by 1-year age groups and sex|Deaths by age and sex - complete|25|World Population Prospects|0|4|Median|Median|Median|72|2021|2021.5|0|Not applicable|1|Model-based Estimates|2|Interpolation|1|Male|172|82|82|82|82|3222
710|South Africa|ZAF|ZA|4|69|Deaths by 1-year age groups and sex|Deaths by age and sex - complete|25|World Population Prospects|0|4|Median|Median|Median|72|2021|2021.5|0|Not applicable|1|Model-based Estimates|2|Interpolation|2|Female|172|82|82|82|82|5301
710|South Africa|ZAF|ZA|4|69|Deaths by 1-year age groups and sex|Deaths by age and sex - complete|25|World Population Prospects|0|4|Median|Median|Median|72|2021|2021.5|0|Not applicable|1|Model-based Estimates|2|Interpolation|3|Both sexes|172|82|82|82|82|8523
710|South Africa|ZAF|ZA|4|69|Deaths by 1-year age groups and sex|Deaths by age and sex - complete|25|World Population Prospects|0|4|Median|Median|Median|72|2021|2021.5|0|Not applicable|1|Model-based Estimates|2|Interpolation|1|Male|173|83|83|83|83|2929
710|South Africa|ZAF|ZA|4|69|Deaths by 1-year age groups and sex|Deaths by age and sex - complete|25|World Population Prospects|0|4|Median|Median|Median|72|2021|2021.5|0|Not applicable|1|Model-based Estimates|2|Interpolation|2|Female|173|83|83|83|83|4980
710|South Africa|ZAF|ZA|4|69|Deaths by 1-year age groups and sex|Deaths by age and sex - complete|25|World Population Prospects|0|4|Median|Median|Median|72|2021|2021.5|0|Not applicable|1|Model-based Estimates|2|Interpolation|3|Both sexes|173|83|83|83|83|7909
710|South Africa|ZAF|ZA|4|69|Deaths by 1-year age groups and sex|Deaths by age and sex - complete|25|World Population Prospects|0|4|Median|Median|Median|72|2021|2021.5|0|Not applicable|1|Model-based Estimates|2|Interpolation|1|Male|174|84|84|84|84|2631
710|South Africa|ZAF|ZA|4|69|Deaths by 1-year age groups and sex|Deaths by age and sex - complete|25|World Population Prospects|0|4|Median|Median|Median|72|2021|2021.5|0|Not applicable|1|Model-based Estimates|2|Interpolation|2|Female|174|84|84|84|84|4668
710|South Africa|ZAF|ZA|4|69|Deaths by 1-year age groups and sex|Deaths by age and sex - complete|25|World Population Prospects|0|4|Median|Median|Median|72|2021|2021.5|0|Not applicable|1|Model-based Estimates|2|Interpolation|3|Both sexes|174|84|84|84|84|7300
710|South Africa|ZAF|ZA|4|69|Deaths by 1-year age groups and sex|Deaths by age and sex - complete|25|World Population Prospects|0|4|Median|Median|Median|72|2021|2021.5|0|Not applicable|1|Model-based Estimates|2|Interpolation|1|Male|103|85|85|85|85|2345
710|South Africa|ZAF|ZA|4|69|Deaths by 1-year age groups and sex|Deaths by age and sex - complete|25|World Population Prospects|0|4|Median|Median|Median|72|2021|2021.5|0|Not applicable|1|Model-based Estimates|2|Interpolation|2|Female|103|85|85|85|85|4391
710|South Africa|ZAF|ZA|4|69|Deaths by 1-year age groups and sex|Deaths by age and sex - complete|25|World Population Prospects|0|4|Median|Median|Median|72|2021|2021.5|0|Not applicable|1|Model-based Estimates|2|Interpolation|3|Both sexes|103|85|85|85|85|6735
710|South Africa|ZAF|ZA|4|69|Deaths by 1-year age groups and sex|Deaths by age and sex - complete|25|World Population Prospects|0|4|Median|Median|Median|72|2021|2021.5|0|Not applicable|1|Model-based Estimates|2|Interpolation|1|Male|175|86|86|86|86|2082
710|South Africa|ZAF|ZA|4|69|Deaths by 1-year age groups and sex|Deaths by age and sex - complete|25|World Population Prospects|0|4|Median|Median|Median|72|2021|2021.5|0|Not applicable|1|Model-based Estimates|2|Interpolation|2|Female|175|86|86|86|86|4157
710|South Africa|ZAF|ZA|4|69|Deaths by 1-year age groups and sex|Deaths by age and sex - complete|25|World Population Prospects|0|4|Median|Median|Median|72|2021|2021.5|0|Not applicable|1|Model-based Estimates|2|Interpolation|3|Both sexes|175|86|86|86|86|6239
710|South Africa|ZAF|ZA|4|69|Deaths by 1-year age groups and sex|Deaths by age and sex - complete|25|World Population Prospects|0|4|Median|Median|Median|72|2021|2021.5|0|Not applicable|1|Model-based Estimates|2|Interpolation|1|Male|176|87|87|87|87|1858
710|South Africa|ZAF|ZA|4|69|Deaths by 1-year age groups and sex|Deaths by age and sex - complete|25|World Population Prospects|0|4|Median|Median|Median|72|2021|2021.5|0|Not applicable|1|Model-based Estimates|2|Interpolation|2|Female|176|87|87|87|87|3976
710|South Africa|ZAF|ZA|4|69|Deaths by 1-year age groups and sex|Deaths by age and sex - complete|25|World Population Prospects|0|4|Median|Median|Median|72|2021|2021.5|0|Not applicable|1|Model-based Estimates|2|Interpolation|3|Both sexes|176|87|87|87|87|5835
710|South Africa|ZAF|ZA|4|69|Deaths by 1-year age groups and sex|Deaths by age and sex - complete|25|World Population Prospects|0|4|Median|Median|Median|72|2021|2021.5|0|Not applicable|1|Model-based Estimates|2|Interpolation|1|Male|177|88|88|88|88|1672
710|South Africa|ZAF|ZA|4|69|Deaths by 1-year age groups and sex|Deaths by age and sex - complete|25|World Population Prospects|0|4|Median|Median|Median|72|2021|2021.5|0|Not applicable|1|Model-based Estimates|2|Interpolation|2|Female|177|88|88|88|88|3826
710|South Africa|ZAF|ZA|4|69|Deaths by 1-year age groups and sex|Deaths by age and sex - complete|25|World Population Prospects|0|4|Median|Median|Median|72|2021|2021.5|0|Not applicable|1|Model-based Estimates|2|Interpolation|3|Both sexes|177|88|88|88|88|5498
710|South Africa|ZAF|ZA|4|69|Deaths by 1-year age groups and sex|Deaths by age and sex - complete|25|World Population Prospects|0|4|Median|Median|Median|72|2021|2021.5|0|Not applicable|1|Model-based Estimates|2|Interpolation|1|Male|178|89|89|89|89|1509
710|South Africa|ZAF|ZA|4|69|Deaths by 1-year age groups and sex|Deaths by age and sex - complete|25|World Population Prospects|0|4|Median|Median|Median|72|2021|2021.5|0|Not applicable|1|Model-based Estimates|2|Interpolation|2|Female|178|89|89|89|89|3646
710|South Africa|ZAF|ZA|4|69|Deaths by 1-year age groups and sex|Deaths by age and sex - complete|25|World Population Prospects|0|4|Median|Median|Median|72|2021|2021.5|0|Not applicable|1|Model-based Estimates|2|Interpolation|3|Both sexes|178|89|89|89|89|5155
710|South Africa|ZAF|ZA|4|69|Deaths by 1-year age groups and sex|Deaths by age and sex - complete|25|World Population Prospects|0|4|Median|Median|Median|72|2021|2021.5|0|Not applicable|1|Model-based Estimates|2|Interpolation|1|Male|104|90|90|90|90|1367
710|South Africa|ZAF|ZA|4|69|Deaths by 1-year age groups and sex|Deaths by age and sex - complete|25|World Population Prospects|0|4|Median|Median|Median|72|2021|2021.5|0|Not applicable|1|Model-based Estimates|2|Interpolation|2|Female|104|90|90|90|90|3411
710|South Africa|ZAF|ZA|4|69|Deaths by 1-year age groups and sex|Deaths by age and sex - complete|25|World Population Prospects|0|4|Median|Median|Median|72|2021|2021.5|0|Not applicable|1|Model-based Estimates|2|Interpolation|3|Both sexes|104|90|90|90|90|4778
710|South Africa|ZAF|ZA|4|69|Deaths by 1-year age groups and sex|Deaths by age and sex - complete|25|World Population Prospects|0|4|Median|Median|Median|72|2021|2021.5|0|Not applicable|1|Model-based Estimates|2|Interpolation|1|Male|180|91|91|91|91|1234
710|South Africa|ZAF|ZA|4|69|Deaths by 1-year age groups and sex|Deaths by age and sex - complete|25|World Population Prospects|0|4|Median|Median|Median|72|2021|2021.5|0|Not applicable|1|Model-based Estimates|2|Interpolation|2|Female|180|91|91|91|91|3133
710|South Africa|ZAF|ZA|4|69|Deaths by 1-year age groups and sex|Deaths by age and sex - complete|25|World Population Prospects|0|4|Median|Median|Median|72|2021|2021.5|0|Not applicable|1|Model-based Estimates|2|Interpolation|3|Both sexes|180|91|91|91|91|4368
710|South Africa|ZAF|ZA|4|69|Deaths by 1-year age groups and sex|Deaths by age and sex - complete|25|World Population Prospects|0|4|Median|Median|Median|72|2021|2021.5|0|Not applicable|1|Model-based Estimates|2|Interpolation|1|Male|181|92|92|92|92|1106
710|South Africa|ZAF|ZA|4|69|Deaths by 1-year age groups and sex|Deaths by age and sex - complete|25|World Population Prospects|0|4|Median|Median|Median|72|2021|2021.5|0|Not applicable|1|Model-based Estimates|2|Interpolation|2|Female|181|92|92|92|92|2821
710|South Africa|ZAF|ZA|4|69|Deaths by 1-year age groups and sex|Deaths by age and sex - complete|25|World Population Prospects|0|4|Median|Median|Median|72|2021|2021.5|0|Not applicable|1|Model-based Estimates|2|Interpolation|3|Both sexes|181|92|92|92|92|3927
710|South Africa|ZAF|ZA|4|69|Deaths by 1-year age groups and sex|Deaths by age and sex - complete|25|World Population Prospects|0|4|Median|Median|Median|72|2021|2021.5|0|Not applicable|1|Model-based Estimates|2|Interpolation|1|Male|182|93|93|93|93|976
710|South Africa|ZAF|ZA|4|69|Deaths by 1-year age groups and sex|Deaths by age and sex - complete|25|World Population Prospects|0|4|Median|Median|Median|72|2021|2021.5|0|Not applicable|1|Model-based Estimates|2|Interpolation|2|Female|182|93|93|93|93|2478
710|South Africa|ZAF|ZA|4|69|Deaths by 1-year age groups and sex|Deaths by age and sex - complete|25|World Population Prospects|0|4|Median|Median|Median|72|2021|2021.5|0|Not applicable|1|Model-based Estimates|2|Interpolation|3|Both sexes|182|93|93|93|93|3455
710|South Africa|ZAF|ZA|4|69|Deaths by 1-year age groups and sex|Deaths by age and sex - complete|25|World Population Prospects|0|4|Median|Median|Median|72|2021|2021.5|0|Not applicable|1|Model-based Estimates|2|Interpolation|1|Male|183|94|94|94|94|847
710|South Africa|ZAF|ZA|4|69|Deaths by 1-year age groups and sex|Deaths by age and sex - complete|25|World Population Prospects|0|4|Median|Median|Median|72|2021|2021.5|0|Not applicable|1|Model-based Estimates|2|Interpolation|2|Female|183|94|94|94|94|2115
710|South Africa|ZAF|ZA|4|69|Deaths by 1-year age groups and sex|Deaths by age and sex - complete|25|World Population Prospects|0|4|Median|Median|Median|72|2021|2021.5|0|Not applicable|1|Model-based Estimates|2|Interpolation|3|Both sexes|183|94|94|94|94|2962
710|South Africa|ZAF|ZA|4|69|Deaths by 1-year age groups and sex|Deaths by age and sex - complete|25|World Population Prospects|0|4|Median|Median|Median|72|2021|2021.5|0|Not applicable|1|Model-based Estimates|2|Interpolation|1|Male|105|95|95|95|95|704
710|South Africa|ZAF|ZA|4|69|Deaths by 1-year age groups and sex|Deaths by age and sex - complete|25|World Population Prospects|0|4|Median|Median|Median|72|2021|2021.5|0|Not applicable|1|Model-based Estimates|2|Interpolation|2|Female|105|95|95|95|95|1684
710|South Africa|ZAF|ZA|4|69|Deaths by 1-year age groups and sex|Deaths by age and sex - complete|25|World Population Prospects|0|4|Median|Median|Median|72|2021|2021.5|0|Not applicable|1|Model-based Estimates|2|Interpolation|3|Both sexes|105|95|95|95|95|2389
710|South Africa|ZAF|ZA|4|69|Deaths by 1-year age groups and sex|Deaths by age and sex - complete|25|World Population Prospects|0|4|Median|Median|Median|72|2021|2021.5|0|Not applicable|1|Model-based Estimates|2|Interpolation|1|Male|184|96|96|96|96|581
710|South Africa|ZAF|ZA|4|69|Deaths by 1-year age groups and sex|Deaths by age and sex - complete|25|World Population Prospects|0|4|Median|Median|Median|72|2021|2021.5|0|Not applicable|1|Model-based Estimates|2|Interpolation|2|Female|184|96|96|96|96|1294
710|South Africa|ZAF|ZA|4|69|Deaths by 1-year age groups and sex|Deaths by age and sex - complete|25|World Population Prospects|0|4|Median|Median|Median|72|2021|2021.5|0|Not applicable|1|Model-based Estimates|2|Interpolation|3|Both sexes|184|96|96|96|96|1875
710|South Africa|ZAF|ZA|4|69|Deaths by 1-year age groups and sex|Deaths by age and sex - complete|25|World Population Prospects|0|4|Median|Median|Median|72|2021|2021.5|0|Not applicable|1|Model-based Estimates|2|Interpolation|1|Male|185|97|97|97|97|468
710|South Africa|ZAF|ZA|4|69|Deaths by 1-year age groups and sex|Deaths by age and sex - complete|25|World Population Prospects|0|4|Median|Median|Median|72|2021|2021.5|0|Not applicable|1|Model-based Estimates|2|Interpolation|2|Female|185|97|97|97|97|963
710|South Africa|ZAF|ZA|4|69|Deaths by 1-year age groups and sex|Deaths by age and sex - complete|25|World Population Prospects|0|4|Median|Median|Median|72|2021|2021.5|0|Not applicable|1|Model-based Estimates|2|Interpolation|3|Both sexes|185|97|97|97|97|1431
710|South Africa|ZAF|ZA|4|69|Deaths by 1-year age groups and sex|Deaths by age and sex - complete|25|World Population Prospects|0|4|Median|Median|Median|72|2021|2021.5|0|Not applicable|1|Model-based Estimates|2|Interpolation|1|Male|186|98|98|98|98|365
710|South Africa|ZAF|ZA|4|69|Deaths by 1-year age groups and sex|Deaths by age and sex - complete|25|World Population Prospects|0|4|Median|Median|Median|72|2021|2021.5|0|Not applicable|1|Model-based Estimates|2|Interpolation|2|Female|186|98|98|98|98|700
710|South Africa|ZAF|ZA|4|69|Deaths by 1-year age groups and sex|Deaths by age and sex - complete|25|World Population Prospects|0|4|Median|Median|Median|72|2021|2021.5|0|Not applicable|1|Model-based Estimates|2|Interpolation|3|Both sexes|186|98|98|98|98|1065
710|South Africa|ZAF|ZA|4|69|Deaths by 1-year age groups and sex|Deaths by age and sex - complete|25|World Population Prospects|0|4|Median|Median|Median|72|2021|2021.5|0|Not applicable|1|Model-based Estimates|2|Interpolation|1|Male|187|99|99|99|99|276
710|South Africa|ZAF|ZA|4|69|Deaths by 1-year age groups and sex|Deaths by age and sex - complete|25|World Population Prospects|0|4|Median|Median|Median|72|2021|2021.5|0|Not applicable|1|Model-based Estimates|2|Interpolation|2|Female|187|99|99|99|99|500
710|South Africa|ZAF|ZA|4|69|Deaths by 1-year age groups and sex|Deaths by age and sex - complete|25|World Population Prospects|0|4|Median|Median|Median|72|2021|2021.5|0|Not applicable|1|Model-based Estimates|2|Interpolation|3|Both sexes|187|99|99|99|99|776
710|South Africa|ZAF|ZA|4|69|Deaths by 1-year age groups and sex|Deaths by age and sex - complete|25|World Population Prospects|0|4|Median|Median|Median|72|2021|2021.5|0|Not applicable|1|Model-based Estimates|2|Interpolation|1|Male|59|100+|100||100|619
710|South Africa|ZAF|ZA|4|69|Deaths by 1-year age groups and sex|Deaths by age and sex - complete|25|World Population Prospects|0|4|Median|Median|Median|72|2021|2021.5|0|Not applicable|1|Model-based Estimates|2|Interpolation|2|Female|59|100+|100||100|1066
710|South Africa|ZAF|ZA|4|69|Deaths by 1-year age groups and sex|Deaths by age and sex - complete|25|World Population Prospects|0|4|Median|Median|Median|72|2021|2021.5|0|Not applicable|1|Model-based Estimates|2|Interpolation|3|Both sexes|59|100+|100||100|1685
